mainRes,p__Concat
http://rdfh.ch/0812/--0QHcdkVxixoKmAM6GFBg,http://rdfh.ch/0812/FwZ9XuqMW_mHPOf2KUgEiAhttp://rdfh.ch/0812/pQt7xhjfVByTlogR6VFmwQ
http://rdfh.ch/0812/--42XiWzXPa3yHCCP1a5nA,http://rdfh.ch/0812/DQ4ZVNq9Xx-VPa89U4l6Gwhttp://rdfh.ch/0812/AktLqJlGV4qmxg1kGtBL7Qhttp://rdfh.ch/0812/i4Q5xuyKX6m18U3lBzhytghttp://rdfh.ch/0812/kBy6RNPiX7mPW_6M7yswLQhttp://rdfh.ch/0812/HIj-kPCKVYSDJUqISuHwCQhttp://rdfh.ch/0812/c6h43d7OVJq6WWl0K4qM1ghttp://rdfh.ch/0812/2_zQZ23rUnqKaIN0HzBJxA
http://rdfh.ch/0812/--BYpx4IQ_yEaLqzumxBkQ,http://rdfh.ch/0812/zWp4S7fCU36cKx0-56M0SAhttp://rdfh.ch/0812/LQ4jeBUfWripIB-ooMvhHwhttp://rdfh.ch/0812/w6OyMKvZSrivLYU-dgz4Xghttp://rdfh.ch/0812/j-qtlwCURC6xlrcPqg_9Tw
http://rdfh.ch/0812/--BuJB_URFGFuxENWjUMyA,http://rdfh.ch/0812/zWp4S7fCU36cKx0-56M0SAhttp://rdfh.ch/0812/tJP4mLiiX8mUDHi6_oqhjghttp://rdfh.ch/0812/LQ4jeBUfWripIB-ooMvhHwhttp://rdfh.ch/0812/bwz268nzQ764RL3cdhmSQAhttp://rdfh.ch/0812/nr7Esuk-S62nWpOiWMfpkAhttp://rdfh.ch/0812/w6OyMKvZSrivLYU-dgz4Xghttp://rdfh.ch/0812/4rfyO-J5Qz-w6zsAaKvfig
http://rdfh.ch/0812/--DT8mSOXFKc6FL6iXQL2g,http://rdfh.ch/0812/Io0Hu0jwW92YjrV1uvBxzAhttp://rdfh.ch/0812/38Brfy3QXzKCnZhfdLGWtghttp://rdfh.ch/0812/8wcF5FXOUkyxxqMaTcitQwhttp://rdfh.ch/0812/RSbBONnJUsevBZ3FSZMcNwhttp://rdfh.ch/0812/-8zB9q-MUXa0YBisAYdipA
http://rdfh.ch/0812/--KFTOX-VwuCB4F6p3PmHg,http://rdfh.ch/0812/Sir8X3mtV6Cmzjbb0NJidghttp://rdfh.ch/0812/Vt98MeguVl6tSacNKBQm7g
http://rdfh.ch/0812/--VTbHjbV3emJiRJK1Zxgg,http://rdfh.ch/0812/1--oehf2WzWh3b-yiz5PHA
http://rdfh.ch/0812/--X9QRkyWQyybRWydQQOmQ,http://rdfh.ch/0812/Rg8rZ4joWP68VwJ7a6RYoQ
http://rdfh.ch/0812/--a2Grm-T0OxEzAPRfnYng,http://rdfh.ch/0812/zWp4S7fCU36cKx0-56M0SAhttp://rdfh.ch/0812/LQ4jeBUfWripIB-ooMvhHwhttp://rdfh.ch/0812/owhZb_UBTlGLgqds8gKn8Ahttp://rdfh.ch/0812/7o1a_7EPQzaBKxBPUuK4ighttp://rdfh.ch/0812/55qo7NBsQCu6u25AytCTxw
http://rdfh.ch/0812/--aLwaPWWRaAgAs_-45sMA,http://rdfh.ch/0812/sDC0atJaRvGvueHzWFeomQ
http://rdfh.ch/0812/--pBLhXLS-awLCtsF2juOA,http://rdfh.ch/0812/zWp4S7fCU36cKx0-56M0SAhttp://rdfh.ch/0812/LQ4jeBUfWripIB-ooMvhHwhttp://rdfh.ch/0812/owhZb_UBTlGLgqds8gKn8Ahttp://rdfh.ch/0812/UQY5TPDwSKON2IvwL-iEAQhttp://rdfh.ch/0812/E5BScE0DT3CedTyfz4s3Pw
http://rdfh.ch/0812/--s26IFDVhihuZFuy1fp4A,http://rdfh.ch/0812/FkZV4KZlWty--a5DyVEt9g
http://rdfh.ch/0812/--tBjoHHUd6VRRGvLyDQ3Q,http://rdfh.ch/0812/jzQwrs7FWzSMZRHwR0VC1whttp://rdfh.ch/0812/jVlHKquNUVGb9FF2wNYWXghttp://rdfh.ch/0812/E4G1MT1FX9OdFqP4Um848whttp://rdfh.ch/0812/eYWys4QGU9irzaDAMePX7g
http://rdfh.ch/0812/--uGJdrMXeWQ5E9s5q3E5w,http://rdfh.ch/0812/gu-Xz1P1UGOgYitG1dp0cwhttp://rdfh.ch/0812/Io0Hu0jwW92YjrV1uvBxzAhttp://rdfh.ch/0812/jzQwrs7FWzSMZRHwR0VC1whttp://rdfh.ch/0812/UmtlwR0rVt6WdsFWPsOWoAhttp://rdfh.ch/0812/0K4lAicOVjKKti6b75jqlQhttp://rdfh.ch/0812/uZ3_xejoUXmOtqTMVe2FlA
http://rdfh.ch/0812/--yVQTTeXsCqiq-K9js7ZQ,http://rdfh.ch/0812/RuIYCkPgVnm36-y1twE07Qhttp://rdfh.ch/0812/Ozmgt6zxVrq940sRQXSCqghttp://rdfh.ch/0812/f7UxqOmrXiaT6W_mH6Cstghttp://rdfh.ch/0812/n5G5GGWeVCmm21MDDmTxughttp://rdfh.ch/0812/A4iijE8DV3eAWB5Gs9rIUAhttp://rdfh.ch/0812/uHe7W6ZMUbyoozGt9mLXdQhttp://rdfh.ch/0812/nPJ06kQGXOK1W_dfF3Noeg
http://rdfh.ch/0812/-0OxnOxfXQ-CYeOIIqyIzA,http://rdfh.ch/0812/mA2BHFdVUF2zfERLUvmQlAhttp://rdfh.ch/0812/CVU9V0rfX6ymRJ4iuQJAQA
http://rdfh.ch/0812/-0SZgfikVRe0VvoAZTTHPQ,http://rdfh.ch/0812/V2WhwMQNXQCuYPwI6bLjLw
http://rdfh.ch/0812/-0XTwkBvXqWfimppiv0Q3Q,http://rdfh.ch/0812/npqWg4RqXWGOnVk3WRBD9A
http://rdfh.ch/0812/-0gz85ygUiScSEzXYbVJFg,http://rdfh.ch/0812/p7aSd1u9U4qUGA-O31syCw
http://rdfh.ch/0812/-0svbJrYXmab9bblmBTEWg,http://rdfh.ch/0812/1JyRrkFqWj6wlalpcFYeWg
http://rdfh.ch/0812/-0ytEySsXZCSlYacb7I_dQ,http://rdfh.ch/0812/gu-Xz1P1UGOgYitG1dp0cwhttp://rdfh.ch/0812/Io0Hu0jwW92YjrV1uvBxzAhttp://rdfh.ch/0812/jzQwrs7FWzSMZRHwR0VC1whttp://rdfh.ch/0812/UmtlwR0rVt6WdsFWPsOWoAhttp://rdfh.ch/0812/0K4lAicOVjKKti6b75jqlQhttp://rdfh.ch/0812/uZ3_xejoUXmOtqTMVe2FlA
http://rdfh.ch/0812/-15g_zxRVvy7i2QTokEUAQ,http://rdfh.ch/0812/dsx9eAH_U_GO8s0SXe1hkAhttp://rdfh.ch/0812/TYnv7siTU7aXQ68cxgWDHwhttp://rdfh.ch/0812/69Ak_ZupXHmib9Tjjrr8vwhttp://rdfh.ch/0812/J4MSs8cKUjO14uMCj9Nkcghttp://rdfh.ch/0812/qrmRKUihVQSj_Bg8Bj1ScAhttp://rdfh.ch/0812/sDC0atJaRvGvueHzWFeomQ
http://rdfh.ch/0812/-18qXqmRXkqfRGsZkZ8LeA,http://rdfh.ch/0812/4HaQ4spuXHGvCE9YoOCZEQhttp://rdfh.ch/0812/b6yz7XBnXsGm2dA9BLF2qg
http://rdfh.ch/0812/-1C17vOAXq2QeiEZMUfY7Q,http://rdfh.ch/0812/pC1fqPVHXsebyd7ovFtScwhttp://rdfh.ch/0812/ZxjE9go9WzSXZ-mkqC8dxA
http://rdfh.ch/0812/-1Itdq7xV--fqC4Fx3JEhA,http://rdfh.ch/0812/RuIYCkPgVnm36-y1twE07Qhttp://rdfh.ch/0812/HQJPM8DyVJKqVOwXFe19Jghttp://rdfh.ch/0812/uHe7W6ZMUbyoozGt9mLXdQhttp://rdfh.ch/0812/ojLOc4bAU82VRDoGJJcspQ
