mainRes,li__Concat
http://rdfh.ch/0812/--3sWv5BVlyn0-dPMhgB0g,http://rdfh.ch/0812/--3sWv5BVlyn0-dPMhgB0g/values/U6zwnpE6RKO08QePhPAygg
http://rdfh.ch/0812/--BYpx4IQ_yEaLqzumxBkQ,http://rdfh.ch/0812/--BYpx4IQ_yEaLqzumxBkQ/values/WzBdilBIRa2eQFg_w-kdAg
http://rdfh.ch/0812/--VTbHjbV3emJiRJK1Zxgg,http://rdfh.ch/0812/--VTbHjbV3emJiRJK1Zxgg/values/nQpj37rnS0WfJ7IR_9Zh6g
http://rdfh.ch/0812/--X9QRkyWQyybRWydQQOmQ,http://rdfh.ch/0812/--X9QRkyWQyybRWydQQOmQ/values/92OH7P5kQca9T_YTAcIZoQ
http://rdfh.ch/0812/--a2Grm-T0OxEzAPRfnYng,http://rdfh.ch/0812/--a2Grm-T0OxEzAPRfnYng/values/iI9DttM6RX-Cz4yzgnf1ZQ
http://rdfh.ch/0812/--pBLhXLS-awLCtsF2juOA,http://rdfh.ch/0812/--pBLhXLS-awLCtsF2juOA/values/x6o4DdK6RPWkjTdn41NghQ
http://rdfh.ch/0812/--zjrQboUbeyznKkicC1xg,http://rdfh.ch/0812/--zjrQboUbeyznKkicC1xg/values/N-_SPEw0SCmJ9nTWn-Qf5A
http://rdfh.ch/0812/-02g4NMrWNOWpYdU81GvGw,http://rdfh.ch/0812/-02g4NMrWNOWpYdU81GvGw/values/UReNjNIeTduT4y1atbPW-Q
http://rdfh.ch/0812/-0OxnOxfXQ-CYeOIIqyIzA,http://rdfh.ch/0812/-0OxnOxfXQ-CYeOIIqyIzA/values/RYUNtDBpR1a6nLC52C0Geg
http://rdfh.ch/0812/-0RQv-rhV0eWTHFbo-05GA,http://rdfh.ch/0812/-0RQv-rhV0eWTHFbo-05GA/values/q38PgZolSUycLITkk-CaqA
http://rdfh.ch/0812/-1EHcADrVZqhHMSY9Jk1Tg,http://rdfh.ch/0812/-1EHcADrVZqhHMSY9Jk1Tg/values/6X6WAeqdQCKHV4kxkddjPQ
http://rdfh.ch/0812/-1Sf1SHRVW68kQHdS_NGTw,http://rdfh.ch/0812/-1Sf1SHRVW68kQHdS_NGTw/values/wjfQI5hSSj-wOizZ4ogPZQ
http://rdfh.ch/0812/-280uC95Qgutoz8CO42p4g,http://rdfh.ch/0812/-280uC95Qgutoz8CO42p4g/values/aD6KLb9xQ_-utTebGDMMbw
http://rdfh.ch/0812/-2dXquokXki6cN5IX3OfEw,http://rdfh.ch/0812/-2dXquokXki6cN5IX3OfEw/values/gqiFD7m_TZOp5Cgx2d53dA
http://rdfh.ch/0812/-2siO4QsWzGNGCGK7J_pgA,http://rdfh.ch/0812/-2siO4QsWzGNGCGK7J_pgA/values/RrZGtTV6TsKM1d9__G7N2w
http://rdfh.ch/0812/-2zQQFTnUhCkGd_67yZELQ,http://rdfh.ch/0812/-2zQQFTnUhCkGd_67yZELQ/values/OFCWLzC5SKG4pZ0r0kOY2Q
http://rdfh.ch/0812/-334GFz9XaGEDzWxaBRD_A,http://rdfh.ch/0812/-334GFz9XaGEDzWxaBRD_A/values/SwVK6f9XQyuo5twjO3ZkkQ
http://rdfh.ch/0812/-33OVymsVWahjJ_58_oaQw,http://rdfh.ch/0812/-33OVymsVWahjJ_58_oaQw/values/FPdOhEXjTkO7yIY8ZXssXQ
http://rdfh.ch/0812/-3AyozsPVv-q8Rd4mhswZw,http://rdfh.ch/0812/-3AyozsPVv-q8Rd4mhswZw/values/isJt2vQDRpOJSfMzXTAnAQ
http://rdfh.ch/0812/-3HsXPuxXw-tOXLk06apqA,http://rdfh.ch/0812/-3HsXPuxXw-tOXLk06apqA/values/Jx8LU8h8QFOwrMcv-o0kxg
http://rdfh.ch/0812/-3Ms7gC6WTqmC54yTNP00Q,http://rdfh.ch/0812/-3Ms7gC6WTqmC54yTNP00Q/values/jcyyyFAGRJGoW_VIf8l2LA
http://rdfh.ch/0812/-3eDepshXTmqN2jdTt_C0A,http://rdfh.ch/0812/-3eDepshXTmqN2jdTt_C0A/values/bSR0jK9URjm6MamRIG69gg
http://rdfh.ch/0812/-3fIPY0eW4yVUHLHjhjFbA,http://rdfh.ch/0812/-3fIPY0eW4yVUHLHjhjFbA/values/IBjw4TexRHC8kFsNftIV4Q
http://rdfh.ch/0812/-4BPDTViXpGYuHTThfsg-w,http://rdfh.ch/0812/-4BPDTViXpGYuHTThfsg-w/values/yXecxDL2T_KQ2ddRJW7OMw
http://rdfh.ch/0812/-4MD1hpfXP-uBvY_l28VEA,http://rdfh.ch/0812/-4MD1hpfXP-uBvY_l28VEA/values/6nesswPETv-5RGp4UgHBqg
