case,layout,run,seconds,rows
S4,D,1,120,-1
S4,A,1,4.22,25
S4,B,1,0.60,25
S4,C,1,10.87,25
S4,A,2,4.03,25
S4,B,2,0.48,25
S4,C,2,10.94,25
S4,A,3,4.14,25
S4,B,3,0.48,25
S4,C,3,10.84,25
S4,A,4,4.05,25
S4,B,4,0.48,25
S4,C,4,10.92,25
S4,A,5,4.11,25
S4,B,5,0.50,25
S4,C,5,10.75,25
S3,A,1,0.14,8
S3,B,1,0.14,8
S3,C,1,0.68,8
S3,A,2,0.14,8
S3,B,2,0.14,8
S3,C,2,0.70,8
S3,A,3,0.15,8
S3,B,3,0.14,8
S3,C,3,0.69,8
S3,A,4,0.15,8
S3,B,4,0.16,8
S3,C,4,0.71,8
S3,A,5,0.16,8
S3,B,5,0.16,8
S3,C,5,0.71,8
S1,A,1,0.20,1
S1,B,1,0.99,1
S1,C,1,1.52,1
S1,D,1,0.21,1
S1,A,2,0.20,1
S1,B,2,0.99,1
S1,C,2,1.52,1
S1,D,2,0.22,1
S1,A,3,0.22,1
S1,B,3,0.99,1
S1,C,3,1.55,1
S1,D,3,0.20,1
S1,A,4,0.20,1
S1,B,4,1.01,1
S1,C,4,1.56,1
S1,D,4,0.19,1
S1,A,5,0.21,1
S1,B,5,0.97,1
S1,C,5,1.53,1
S1,D,5,0.20,1
S2norows,A,1,120,-1
S2norows,B,1,6.27,0
S2norows,C,1,98.76,0
S2norows,A,2,120,-1
S2norows,B,2,6.15,0
S2norows,C,2,98.70,0
S2norows,A,3,120,-1
S2norows,B,3,6.13,0
S2norows,C,3,98.57,0
S2norows,A,4,120,-1
S2norows,B,4,6.11,0
S2norows,C,4,98.32,0
S2norows,A,5,120,-1
S2norows,B,5,6.12,0
S2norows,C,5,98.45,0
S2zero,A,1,120,-1
S2zero,B,1,6.13,0
S2zero,C,1,97.93,0
S2zero,A,2,120,-1
S2zero,B,2,6.13,0
S2zero,C,2,120,-1
S2zero,A,3,120,-1
S2zero,B,3,6.16,0
S2zero,C,3,98.98,0
S2zero,A,4,120,-1
S2zero,B,4,6.18,0
S2zero,C,4,98.98,0
S2zero,A,5,120,-1
S2zero,B,5,6.16,0
S2zero,C,5,98.76,0
S8,C,1,27.61,25
S8,A,1,4.78,25
S8,B,1,4.96,25
S8,A,2,4.75,25
S8,B,2,4.96,25
S8,A,3,4.81,25
S8,B,3,4.96,25
S8,A,4,4.77,25
S8,B,4,4.94,25
S8,A,5,4.77,25
S8,B,5,4.92,25
S5,A,1,0.13,1
S5,B,1,0.17,1
S5,C,1,0.19,1
S5,A,2,0.13,1
S5,B,2,0.17,1
S5,C,2,0.18,1
S5,A,3,0.13,1
S5,B,3,0.17,1
S5,C,3,0.18,1
S5,A,4,0.14,1
S5,B,4,0.18,1
S5,C,4,0.18,1
S5,A,5,0.13,1
S5,B,5,0.17,1
S5,C,5,0.18,1
S6,A,1,0.13,8
S6,B,1,1.19,8
S6,A,2,0.13,8
S6,B,2,1.26,8
S6,A,3,0.13,8
S6,B,3,1.19,8
S6,A,4,0.13,8
S6,B,4,1.21,8
S6,A,5,0.13,8
S6,B,5,1.19,8
S7,A,1,0.19,1
S7,B,1,0.18,1
S7,A,2,0.19,1
S7,B,2,0.18,1
S7,A,3,0.19,1
S7,B,3,0.19,1
S7,A,4,0.19,1
S7,B,4,0.18,1
S7,A,5,0.19,1
S7,B,5,0.18,1
S2,A,1,120,-1
S2,B,1,6.21,25
S2,C,1,97.95,25
S2,A,2,120,-1
S2,B,2,6.06,25
S2,C,2,97.77,25
S2,A,3,120,-1
S2,B,3,6.06,25
S2,C,3,98.48,25
S2,A,4,120,-1
S2,B,4,6.08,25
S2,C,4,97.65,25
S2,A,5,120,-1
S2,B,5,6.04,25
S2,C,5,97.59,25
F0,floor,1,0.14,1
F0,floor,2,0.13,1
F0,floor,3,0.14,1
F0,floor,4,0.13,1
F0,floor,5,0.13,1
S8w,A,1,4.81,25
S8w,B,1,5.05,25
S8w,C,1,26.61,25
S8w,A,2,4.81,25
S8w,B,2,5.08,25
S8w,C,2,26.65,25
S8w,A,3,4.78,25
S8w,B,3,5.01,25
S8w,C,3,26.58,25
S8w,A,4,4.81,25
S8w,B,4,4.99,25
S8w,C,4,26.42,25
S8w,A,5,4.77,25
S8w,B,5,5.02,25
S8w,C,5,26.41,25
S8w,A,1,4.81,25
S8w,D,1,120,-1
S8w,A,2,4.88,25
S8w,D,2,120,-1
S8w,A,3,4.78,25
S8w,D,3,120,-1
S8w,A,4,4.85,25
S8w,D,4,120,-1
S8w,A,5,4.89,25
S8w,D,5,120,-1
S2big,A,1,120,-1
S2big,B,1,7.02,1
S2big,C,1,120,-1
S2big,A,2,120,-1
S2big,B,2,6.99,1
S2big,C,2,120,-1
S2big,A,3,120,-1
S2big,B,3,6.94,1
S2big,C,3,120,-1
S2big,A,4,120,-1
S2big,B,4,6.95,1
S2big,C,4,120,-1
S2big,A,5,120,-1
S2big,B,5,6.94,1
S2big,C,5,120,-1
S10smoke,A,1,2.76,25
S10smoke,B,1,0.46,25
S9smoke,B,1,0.35,25
S9smoke,A,1,37.71,25
S10,A,1,2.00,25
S10,B,1,0.33,25
S10,A,2,1.95,25
S10,B,2,0.32,25
S10,A,3,1.98,25
S10,B,3,0.31,25
S10,A,4,2.01,25
S10,B,4,0.32,25
S10,A,5,2.02,25
S10,B,5,0.35,25
S9,A,1,28.27,25
S9,B,1,0.20,25
S9,A,2,28.27,25
S9,B,2,0.18,25
S9,A,3,28.19,25
S9,B,3,0.17,25
S9,A,4,28.25,25
S9,B,4,0.17,25
S9,A,5,28.46,25
S9,B,5,0.16,25
S9c,A,1,0.16,25
S9c,B,1,0.17,25
S9c,A,2,0.15,25
S9c,B,2,0.15,25
S9c,A,3,0.15,25
S9c,B,3,0.16,25
S9c,A,4,0.15,25
S9c,B,4,0.16,25
S9c,A,5,0.16,25
S9c,B,5,0.16,25
