<configuration scan="true" scanPeriod="30 seconds">

	<appender name="CONSOLE" class="ch.qos.logback.core.ConsoleAppender">
		<encoder>
			<pattern>%d{HH:mm:ss.SSS} [%thread] %-5level %logger{36} - %msg%n
			</pattern>
		</encoder>
	</appender>

	<logger name="com.ontotext.graphdb.Config" level="INFO" additivity="false">
		<appender-ref ref="CONSOLE"/>
	</logger>

	<logger name="com.ontotext.graphdb.loadrdf" level="INFO" additivity="false">
		<appender-ref ref="CONSOLE"/>
	</logger>

	<logger name="com.ontotext.rio.parallel.ParallelLoader" level="INFO" additivity="false">
		<appender-ref ref="CONSOLE"/>
	</logger>


	<root level="WARN">
		<appender-ref ref="CONSOLE" />
	</root>

</configuration>